<mujoco model="MyoArm_v0.01">
	<compiler angle="radian" autolimits="true"/>
	<option timestep="0.005"/>
	<size njmax="1000" nconmax="400" nkey="1" nuser_jnt="1"/>
	<visual>
		<scale framelength="0.5" framewidth="0.01"/>
	</visual>
	<asset>
		<texture type="skybox" builtin="gradient" rgb1="1 1 1" rgb2="0.6 0.8 1" width="256" height="1536"/>
		<texture name="grid" type="2d" builtin="checker" width="512" height="512" rgb1=".1 .2 .3" rgb2=".2 .3 .4"/>
		<material name="grid" texture="grid" texrepeat="1 1" texuniform="true" reflectance=".2"/>
	</asset>
	<worldbody>
		<light directional="true"/>
		<site name="baseProximalOrigin" pos="-.05 0.050000 0" size="0.005"/>
		<site name="baseDistalOrigin" pos="-.05 -0.050000 0" size="0.005"/>
		<body name="ground" euler="1.571 0 0">
			<body name="base" pos="0 0 0">
				<geom type="ellipsoid" size=".05" rgba=".3 1 .3 1" fromto="-.05 0 0 .05 0 0"/>
				<inertial pos="0 0 0" mass=".86" diaginertia="0.025 0.025 0.025"/>
				<joint name="shoulder" pos="0 0 0" axis="0 1 0" range="-2.181662 0.610865" damping="0.1"/>

				
				<body name="ProximalForearm" pos="0 0 0">
				
					<inertial pos="0 0 0" mass="0.86" diaginertia="0.025 0.025 0.025"/>
					<geom type="ellipsoid" size=".05" rgba="1 .9 .3 1" fromto="0 0 0 .32 0 0"/>
					<site name="ProximalForearmProximalInsertion" pos=".1 0 -0.05" size="0.005"/>
					<site name="ProximalForearmDistalInsertion" pos=".1 0 0.05" size="0.005"/>
					<site name="ProximalForearmProximalOrigin" pos=".27 0 -0.05" size="0.005"/>
					<site name="ProximalForearmDistalOrigin" pos=".27 0 0.05" size="0.005"/>
					<body name="DistalForearm" pos=".32 0 0">
						<inertial pos="0 0 0" mass="0.86" diaginertia="0.025 0.025 0.025"/>
						<geom type="ellipsoid" size=".04" rgba="1 .5 .3 1" fromto="0 0 0 .32 0 0"/>
						<site name="DistalForearmProximalInsertion" pos=".05 0 -0.05" size="0.005"/>
						<site name="DistalForearmDistalInsertion" pos=".05 0 0.05" size="0.005"/>
						<joint name="elbow" pos="0 0 0" axis="0 1 0" range="0 2.792527" damping="0.1"/>
						
						<body name="Hand" pos=".32 0 0">
							<inertial pos="0 0 0" mass="0.1" diaginertia="0.025 0.025 0.025"/>
							<geom type="ellipsoid" size=".04" rgba=".9 .5 1 1" fromto="-.04 0 0 .04 0 0"/>
                            <site name="handsite" pos="0 0 0" rgba="1 0 0 1"/>
						</body>
					</body>
				</body>
			</body>
		</body>
        <body name="Object" pos="0.4 -0.2 0">
                <geom type="box" size="0.02 0.02 0.02" rgba="1 1 1 1"/>
                <site name="object_o" pos="0 0 0" rgba="1 0 0 1"/>
                <joint name="slide_x" type="slide" axis="1 0 0" damping=".3"/>
                <joint name="slide_y" type="slide" axis="0 1 0" damping=".3"/>               
        </body>
    </worldbody>
    
        

	<actuator>
		<motor joint="shoulder" ctrlrange="-2.0 2.0" ctrllimited="true" gear="5"/>
		<motor joint="elbow" ctrlrange="-2.0 2.0" ctrllimited="true" gear="5"/>
    </actuator>
</mujoco>
